district_id,treatment_control_group,is_active,district_price_effect,total_token_price_effect,total_phone_price_effect,mean_post_price_effect_count,mean_post_price_effect_percent,mean_reorder_price_effect_count,mean_reorder_price_effect_percent
273,30,1,0,48,172,0.968181818,34.58403466,-0.266666667,75.6031746
961,20,0,0,8,157,0.364285714,24.85714286,0.05,
93,30,1,0,4,88,-0.382575758,-24.28030303,2.366161616,
254,20,0,1,1,1,,,,
942,10,1,0,,43,,,,
84,10,1,0,,83,,,,
1016,31,1,2,11,9,,,,
159,10,1,2,8,7,,,,
92,30,0,0,23,538,0.019965278,9.264153135,0.555034722,
970,30,0,0,7,195,-0.670748299,-32.02380952,0.353741497,-33.33333333
637,0,1,0,,16,,,,
286,10,1,0,,38,,,,
270,30,0,1,11,10,,,,
985,20,1,0,4,75,-0.611111111,-20,0.25,
161,10,1,0,22,116,2.777777778,193.8172043,0.388888889,33.33333333
928,10,1,2,1,1,,,,
934,11,0,0,,520,,,,
108,10,0,1,192,123,,,,
140,11,0,0,,257,,,,
1033,10,0,0,3,90,-0.6,-21.42857143,0.466666667,
995,30,0,0,8,182,0.333333333,30,0.666666667,83.33333333
67,10,0,1,259,180,,,,
40,10,0,1,122,95,,,,
190,30,0,0,,42,,,,
285,30,1,0,,49,,,,
182,20,0,1,1,1,,,,
943,10,1,2,6,6,,,,
160,10,1,0,4,256,-0.875,-46.21710526,0.65,200
299,0,0,1,58,37,,,,
1004,20,0,0,3,179,-0.071428571,23.33333333,0.142857143,14.28571429
422,0,1,0,,111,,,,
639,30,0,0,16,194,-0.166308923,-3.819924037,0.422348485,
269,30,0,0,7,165,0.5,25,-0.5,-100
275,30,0,1,31,28,,,,
656,10,1,2,5,5,,,,
302,10,0,0,698,3957,-1.208162455,-16.32532198,2.441913402,184.315566
985,20,0,0,2,183,-1.083333333,-34.21052632,1.583333333,
360,10,0,1,15,15,,,,
656,10,0,1,54,34,,,,
425,0,1,0,,67,,,,
972,30,1,0,3,16,2,200,0,
999,30,0,1,9,8,,,,
961,20,1,0,,13,,,,
997,30,0,1,2,2,,,,
123,20,1,2,3,2,,,,
957,10,0,0,8,211,0.082142857,25.0877193,1.085714286,
299,0,0,0,86,884,-0.414017094,-6.916912276,0.554107448,-4.839852608
255,30,1,2,4,2,,,,
60,10,0,0,72,1658,-0.276220277,3.180053642,0.565603237,22.66233766
934,11,1,0,38,346,-0.890772396,-31.21811741,1.89677113,167.8525641
1024,10,0,1,124,87,,,,
913,31,1,0,7,83,-0.481349206,-28.2034632,0.416666667,100
282,30,0,0,41,529,-0.347165533,-12.38009782,0.395238095,6
302,10,0,1,131,87,,,,
1015,31,0,0,,83,,,,
968,30,1,0,,17,,,,
96,10,0,1,22,19,,,,
153,10,1,2,4,4,,,,
930,10,1,2,1,1,,,,
81,10,0,0,5,159,-0.2625,-13.97515528,1.025,
1013,31,1,2,4,4,,,,
964,20,0,1,9,9,,,,
418,0,1,2,13,5,,,,
40,10,0,0,43,3688,-0.002525253,5.151515152,1.137542088,171.8333333
152,10,0,0,156,3770,-0.611780812,-8.197931842,1.393731731,133.5912698
1018,30,0,0,5,120,-0.2,-10,0.483333333,
56,10,1,2,42,25,,,,
138,0,0,1,23,21,,,,
927,10,0,1,6,6,,,,
639,30,0,1,1,1,,,,
50,10,1,2,1,1,,,,
257,20,1,2,6,3,,,,
270,30,0,0,11,302,-0.272546898,-9.068322981,-0.183441558,-64.20454545
51,10,0,0,32,348,-0.328172808,-10.64480184,1.072700829,140.3846154
308,10,0,0,11,77,-0.924175824,-18.94260855,-0.117582418,-100
915,20,0,0,4,100,1,100,-0.25,-100
962,20,0,1,8,8,,,,
151,10,1,2,31,17,,,,
56,10,0,1,248,123,,,,
224,20,1,0,,48,,,,
993,30,1,0,,16,,,,
133,20,0,1,30,21,,,,
979,20,1,2,1,1,,,,
56,10,0,0,600,5266,-0.639054131,-11.93393609,1.892373776,195.9731496
143,10,1,0,11,162,1.09375,59.52380952,-5.010416667,-16.47727273
82,10,1,2,127,59,,,,
224,20,0,1,8,8,,,,
173,10,1,0,48,912,-0.004147293,22.05220342,2.038087221,181.034632
936,10,0,0,23,389,-0.460457516,-18.64715778,0.784464555,275
971,30,1,0,,16,,,,
1029,20,1,2,6,5,,,,
944,11,1,0,1,59,-0.5,-33.33333333,-0.5,-50
157,10,1,2,5,5,,,,
1033,10,0,1,1,1,,,,
293,30,1,0,,1,,,,
165,10,0,0,386,3088,-0.71999574,-8.830062147,1.381788437,95.30730072
286,10,0,0,68,646,-0.005944215,6.112965194,0.616532198,20
1021,30,1,0,,89,,,,
120,20,1,2,3,2,,,,
81,10,0,1,6,5,,,,
95,10,0,1,49,31,,,,
426,0,0,1,47,37,,,,
236,30,0,0,4,68,-0.537037037,-23.0994152,0.333333333,
184,30,1,0,,35,,,,
240,31,1,2,23,18,,,,
966,30,1,2,4,2,,,,
64,10,0,1,560,343,,,,
424,0,1,0,,39,,,,
232,21,0,0,,119,,,,
974,30,1,0,1,35,0,0,-1,-100
138,0,1,0,2,122,1,100,0.5,
278,30,0,1,29,20,,,,
210,10,1,0,61,596,-0.649818237,-20.60270263,1.381675886,106.8243978
655,10,0,0,70,907,-0.193209568,5.118067667,0.93514652,185.477393
1030,10,0,0,66,532,-0.621725275,-6.926817148,0.934015873,84.80990174
126,20,0,1,60,47,,,,
418,0,0,1,96,60,,,,
673,0,0,1,7,7,,,,
1012,30,0,1,2,2,,,,
982,20,1,2,2,2,,,,
161,10,1,2,5,2,,,,
270,30,1,0,11,130,-0.43877551,-15.95918367,1.186507937,97.22222222
254,20,0,0,6,107,-0.287878788,-10.55555556,0,
949,0,1,2,2,2,,,,
952,20,1,0,,9,,,,
953,20,1,0,2,26,0,0,1,
138,0,1,2,2,2,,,,
1005,21,1,0,18,293,-0.532867133,-18.62302332,0.378671329,-3.703703704
179,11,1,2,4,4,,,,
912,20,0,0,54,133,-0.146289128,-8.328187376,1.844322344,230.1965812
426,0,1,2,2,2,,,,
939,10,1,2,2,2,,,,
42,10,0,0,405,9712,-0.326376401,4.929704618,1.973356492,114.40305
958,10,0,0,245,1145,-0.39409247,-2.996230562,1.194781619,73.63974125
923,10,1,0,,59,,,,
1028,10,1,2,3,3,,,,
982,20,0,1,1,1,,,,
360,10,0,0,17,566,0.068518519,9.059574685,0.286507937,-46.66666667
200,10,0,0,48,857,0.858628409,39.88944072,-0.078517162,92.03776382
153,10,0,1,24,19,,,,
638,0,0,1,27,22,,,,
1028,10,0,1,28,25,,,,
425,0,0,0,148,1301,-0.371017449,-7.009148904,0.908591935,15.54409528
302,10,1,0,8,323,-0.203296703,-11.61904762,0.142857143,-83.33333333
170,10,1,2,139,51,,,,
963,20,0,1,8,7,,,,
117,20,0,1,24,18,,,,
910,10,0,0,1,92,0,0,0,
214,20,1,0,,38,,,,
60,10,0,1,71,50,,,,
120,20,1,0,,47,,,,
146,10,0,0,194,7631,-0.492419889,0.023879386,2.933273934,162.2845633
72,10,0,0,192,3072,-0.894342296,-12.91065672,1.742168607,96.86406639
88,10,0,0,376,1438,-1.666292672,-14.42805597,7.071128745,455.3695818
952,20,0,0,7,134,-0.988095238,-12.05977908,0.658730159,
996,31,0,0,,28,,,,
155,10,0,1,214,109,,,,
1035,10,1,2,1,1,,,,
108,10,1,2,33,15,,,,
78,10,1,0,21,480,-0.768789852,2.647081259,1.373999457,0.306471306
272,30,1,0,5,51,0.666666667,66.66666667,1.166666667,50
960,10,0,1,24,19,,,,
989,20,1,2,4,1,,,,
1002,20,0,0,34,1433,-0.368650794,-13.71567145,-0.668650794,-49.8630276
275,30,0,0,50,1055,0.235722016,19.65534087,0.176108019,21.2952381
154,10,1,0,1,42,0,0,0,
204,10,0,0,151,1030,0.034183801,-0.982085114,0.264277671,-9.639783294
228,20,1,0,43,138,-0.267965368,13.40606381,0.607792208,-100
297,10,0,1,27,23,,,,
158,10,0,1,227,136,,,,
81,10,1,0,,46,,,,
984,20,0,1,14,9,,,,
924,10,0,1,3,3,,,,
657,20,0,0,689,6140,-0.426423806,5.860323311,0.997868366,103.0152908
201,10,1,0,18,360,-0.763711289,-13.24077852,3.049483849,108.974359
167,10,0,0,256,1071,-0.135405021,8.447557175,0.834610012,36.88803661
174,10,1,2,14,12,,,,
989,20,0,1,19,12,,,,
143,10,0,1,18,16,,,,
121,10,0,0,403,1459,-0.761503662,-2.335331589,0.716002752,74.62403569
44,10,0,1,14,14,,,,
152,10,1,2,23,20,,,,
173,10,1,2,28,21,,,,
99,30,0,0,10,181,-0.793518519,-33.78135667,0.236111111,25
221,20,0,1,34,18,,,,
134,20,0,1,66,48,,,,
921,10,0,1,52,39,,,,
961,20,0,1,10,10,,,,
228,20,0,0,33,566,0.088149351,13.55853705,0.327347132,
921,10,1,0,7,348,-0.627777778,-29.0310559,1.544444444,147.2222222
940,10,1,2,4,3,,,,
186,20,1,2,2,2,,,,
992,30,0,1,22,19,,,,
916,30,0,0,69,302,-1.22659159,-23.45706169,0.417556686,16.66666667
163,10,0,1,2,2,,,,
44,10,1,2,1,1,,,,
234,20,0,0,,20,,,,
954,20,1,0,8,87,-0.116666667,-1,1.3,125
1031,10,0,1,119,70,,,,
49,0,0,1,48,30,,,,
82,10,1,0,213,2148,-0.500560991,6.98805806,1.76027279,84.03663283
284,20,1,0,24,560,-0.497236097,-21.28564864,1.184815185,6.776556777
963,20,0,0,7,73,0.666666667,33.33333333,2,
419,0,0,0,176,1848,-0.240497173,-3.44387874,1.104356613,43.76771921
208,10,1,0,17,244,0.03037518,13.8231237,2.000919913,63.63636364
245,30,1,0,19,46,-1.5,-3.80952381,1.833333333,166.6666667
65,10,0,1,469,253,,,,
959,10,1,0,,72,,,,
118,21,1,2,37,24,,,,
204,10,1,2,4,4,,,,
952,20,0,1,1,1,,,,
196,20,0,0,125,2140,-0.484319384,0.746401981,0.524780415,-21.57203907
173,10,0,0,75,2603,-0.215143069,0.423184535,0.854639805,197.7610908
994,30,0,0,20,468,-0.34423436,-21.14149438,1.234010271,21.42857143
119,20,0,0,55,722,-0.203913467,-5.274103946,1.470519956,-9.62962963
87,10,1,0,,59,,,,
105,10,1,0,,26,,,,
251,30,1,2,7,3,,,,
236,30,1,2,1,1,,,,
971,30,1,2,1,1,,,,
127,10,1,2,1,1,,,,
156,11,0,0,,6008,,,,
205,10,0,0,304,4396,-0.499021909,-5.761489427,2.260590134,155.6014618
133,20,0,0,151,1342,-0.205478182,6.006152675,0.11406342,-17.14568765
315,10,1,2,13,6,,,,
931,10,0,0,14,551,-0.322916667,-16.35233918,-0.130050505,16.66666667
637,0,0,0,15,226,-0.373333333,-19.22121419,0.468333333,15.625
115,10,0,1,31,28,,,,
203,10,1,0,11,236,0.95,67.85714286,0.05,-100
249,30,0,1,41,32,,,,
117,20,1,0,8,58,-0.75,-24.76190476,0.909863946,
910,10,1,0,,6,,,,
301,10,1,2,7,5,,,,
198,30,0,0,56,1361,-0.720351474,-7.23731635,0.704563492,32.66666667
1029,20,0,0,20,638,0.096418733,34.3030303,0.297520661,-100
287,10,1,0,,66,,,,
132,10,0,1,27,26,,,,
311,10,0,1,10,9,,,,
246,31,1,2,17,15,,,,
87,10,0,0,3,241,-1.111111111,-25.64102564,1.044444444,53.33333333
132,10,0,0,190,1727,-0.27307659,0.223280748,0.717960151,118.6734728
65,10,1,0,127,1609,-0.158488407,-6.287438362,2.088396734,129.3438853
245,30,0,0,9,219,-0.885267857,-32.98763736,0.275297619,
942,10,1,2,2,1,,,,
921,10,0,0,38,1308,-0.162403337,-3.57778624,0.813198119,-24.19871795
638,0,0,0,286,1874,-0.464789333,-9.82565736,0.506672032,3.413617034
191,30,0,0,2,92,-1,-46.66666667,0,
959,10,0,1,40,25,,,,
182,20,1,0,,7,,,,
1000,0,1,2,3,2,,,,
85,10,0,0,1175,5084,-0.45509764,4.577060429,4.850376082,201.8406846
145,10,0,0,214,5194,-0.270468826,-5.269538435,0.891181384,59.82172261
194,30,1,0,4,148,-3.033333333,-61.58140106,0.527777778,
998,31,0,0,,53,,,,
249,30,1,0,10,164,-3.742857143,-49.1424262,1.098095238,
119,20,1,0,7,95,-1.208333333,-37.14285714,0.166666667,
967,30,1,0,10,27,1.625,92.59259259,-2.333333333,-100
975,30,0,1,18,13,,,,
1034,10,0,1,15,12,,,,
374,10,0,1,28,17,,,,
308,10,1,0,,6,,,,
966,30,1,0,,11,,,,
919,10,0,1,8,7,,,,
955,20,1,2,1,1,,,,
208,10,1,2,4,4,,,,
909,10,1,2,1,1,,,,
950,10,1,2,2,2,,,,
288,20,1,2,1,1,,,,
195,21,1,0,190,1061,-0.529975787,-8.394839023,2.99273705,115.9295995
255,30,0,0,23,291,-0.408608059,-14.35147003,3.110622711,203.1746032
121,10,0,1,44,28,,,,
255,30,1,0,6,82,0.483333333,28.04232804,0.245238095,
929,10,0,1,7,7,,,,
927,10,1,2,1,1,,,,
941,10,0,0,8,651,-0.216666667,-12.94642857,0.489583333,-33.33333333
214,20,0,0,7,332,-1.197802198,-42.70577396,1.377362637,-92.85714286
262,21,1,0,6,108,-0.045454545,-3.571428571,0.861111111,125
1021,30,0,1,14,12,,,,
292,20,1,2,19,7,,,,
172,11,1,0,524,2399,-1.104846231,-18.42379241,2.78850711,182.5679403
171,10,1,0,23,475,-0.402905983,-6.98102491,1.399358974,194.4444444
243,30,0,0,92,595,-0.369685384,-8.709350875,0.111207265,-43.75
950,10,0,1,66,53,,,,
119,20,1,2,9,4,,,,
1034,10,1,0,,16,,,,
110,10,1,0,,16,,,,
268,30,0,1,5,4,,,,
55,10,0,0,548,3999,-0.398711211,1.341813451,1.77331507,120.8265686
1018,30,1,2,1,1,,,,
126,20,1,2,5,5,,,,
283,30,1,0,9,185,0.101731602,23.96825397,0.441558442,118.1818182
51,10,1,0,,110,,,,
932,10,0,0,,63,,,,
977,20,1,0,1,19,-0.25,-20,0,
243,30,1,2,10,4,,,,
922,10,0,0,6,134,-0.916666667,-25.625,1.75,166.6666667
115,10,0,0,384,1111,-0.24294818,1.88303303,0.781772111,16.82328279
1031,10,1,2,5,4,,,,
182,20,0,0,,17,,,,
201,10,1,2,2,2,,,,
283,30,0,1,30,24,,,,
287,10,1,2,2,2,,,,
998,31,1,2,2,2,,,,
243,30,0,1,20,13,,,,
198,30,0,1,21,13,,,,
126,20,0,0,300,2660,-0.578404519,-6.73556402,1.259455701,144.9235309
987,20,1,0,30,271,-0.373412698,-7.530393389,0.259126984,-93.75
963,20,1,0,,6,,,,
167,10,1,0,1,117,0,0,0,
127,10,1,0,,33,,,,
307,10,0,0,,38,,,,
967,30,0,1,10,9,,,,
87,10,1,2,1,1,,,,
943,10,1,0,9,244,-0.027777778,20,0.777777778,98.14814815
943,10,0,0,5,533,0.125,16.66666667,1.875,-100
275,30,1,0,13,291,-1.179017857,-18.58657573,1.6875,600
163,10,0,0,3,199,0.769230769,34.48275862,3.692307692,
926,11,1,0,16,113,1,46.66666667,-0.5,-100
185,30,1,0,,35,,,,
74,10,0,1,112,72,,,,
190,30,1,0,,3,,,,
956,20,0,1,31,19,,,,
104,10,1,2,2,2,,,,
987,20,1,2,22,9,,,,
202,11,0,0,,903,,,,
658,10,1,0,28,389,-0.224061355,-0.501011958,0.488175366,112.2222222
999,30,1,0,6,47,1.25,50,0.1,
264,31,1,2,3,3,,,,
962,20,1,0,,14,,,,
932,10,0,1,1,1,,,,
84,10,1,2,2,2,,,,
116,10,0,0,26,598,-0.510830999,-9.801596059,0.745632799,68.33333333
925,10,1,0,2,61,0,0,1.05,
998,31,1,0,1,44,0,0,0,
269,30,1,2,1,1,,,,
290,31,1,2,2,2,,,,
172,11,0,0,,4346,,,,
199,30,1,2,11,7,,,,
949,0,0,0,20,337,0.139965986,12.22200419,0.076530612,-100
276,30,0,0,10,349,0.064685315,30.60871877,0.196969697,-100
236,30,0,1,4,4,,,,
47,10,0,1,72,46,,,,
981,20,0,1,10,8,,,,
60,10,1,2,10,5,,,,
75,10,1,0,93,1088,-0.50433966,-5.122610457,9.322947053,720.6409245
145,10,1,2,31,26,,,,
291,31,0,0,,192,,,,
96,10,0,0,18,698,-0.272619048,-9.431045145,3.551190476,251.25
979,20,0,1,9,9,,,,
281,30,1,0,1,54,-0.545454545,-35.29411765,3.363636364,
918,20,0,0,5,116,1.125,85.71428571,0.5,
951,20,1,0,,13,,,,
301,10,1,0,27,243,-0.27001887,-7.892427266,2.554562105,333.5592186
168,10,0,0,114,838,-0.451190733,-0.092389468,0.196471944,8.305768306
673,0,0,0,69,436,-0.865039821,-17.94289467,2.830499188,265.6630037
420,0,1,0,5,197,0.166666667,16.66666667,3,
1007,30,0,1,13,7,,,,
173,10,0,1,173,107,,,,
254,20,1,0,,10,,,,
1001,20,1,2,4,4,,,,
424,0,1,2,2,1,,,,
982,20,0,0,2,72,-0.625,-27.77777778,0,
168,10,1,2,3,3,,,,
658,10,1,2,5,4,,,,
287,10,0,1,10,9,,,,
57,10,0,1,24,14,,,,
422,0,1,2,1,1,,,,
104,10,0,0,47,507,-1.291299642,-30.77450004,0.796715603,-2.976190476
143,10,0,0,18,552,0.244444444,26.98412698,0.233333333,-6.25
266,30,0,0,42,758,-0.2,-5.441689929,2.934761905,169.4642857
999,30,0,0,6,178,-0.128333333,-6.409090909,-0.305,-78.125
228,20,1,2,8,2,,,,
200,10,0,1,40,34,,,,
250,30,0,1,6,6,,,,
278,30,1,0,28,288,-1.575946439,-33.90280502,1.631162465,-7.619047619
936,10,1,0,1,99,0,0,0,
232,21,1,0,10,66,-0.369047619,9.047619048,0.279304029,
120,20,0,0,21,417,-0.186904762,6.306431664,0.53452381,-2.083333333
61,11,0,0,,1861,,,,
160,10,0,0,44,1068,-0.20644762,5.613463567,0.598750951,-28.93939394
91,10,1,0,83,606,-0.617515462,-14.8163678,1.021070383,131.9037097
288,20,1,0,,28,,,,
991,30,0,1,15,14,,,,
131,10,1,0,,39,,,,
942,10,0,1,6,5,,,,
950,10,0,0,261,1747,-0.421757753,1.274877334,0.738357938,43.83186758
1013,31,0,0,,38,,,,
932,10,1,2,1,1,,,,
63,10,0,1,25,21,,,,
307,10,1,0,,8,,,,
259,20,0,0,,36,,,,
313,0,1,0,6,101,0.606060606,27.77777778,-1.393939394,-69.6969697
175,10,1,0,1,9,-1,-50,1.333333333,
112,10,1,2,4,3,,,,
399,20,0,0,1212,4899,-0.58494302,-8.301931966,1.374153567,108.3992574
919,10,0,0,5,134,-0.0625,-5,0.625,
66,10,1,2,9,8,,,,
132,10,1,0,8,87,0.31875,9.841628959,-0.25,-50
51,10,0,1,28,16,,,,
918,20,0,1,18,17,,,,
313,0,0,1,47,28,,,,
923,10,1,2,1,1,,,,
63,10,1,2,3,2,,,,
268,30,0,0,12,191,-0.185185185,-3.474426808,0.679012346,139.5833333
946,20,1,0,,4,,,,
308,10,0,1,1,1,,,,
929,10,1,2,1,1,,,,
240,31,1,0,43,307,-0.301459035,-2.721237354,0.367452301,4.972643098
249,30,0,0,364,1941,-0.398714852,-2.826667219,0.865976998,37.40623266
1006,20,1,0,2,135,-0.75,-30,2.75,
123,20,1,0,,72,,,,
1020,30,0,0,252,1032,0.15414426,11.79407817,0.791383498,98.06922163
288,20,0,1,12,9,,,,
208,10,0,1,38,25,,,,
188,30,0,1,23,20,,,,
298,10,1,2,2,2,,,,
1010,30,0,1,2,2,,,,
937,10,0,0,5,262,0.1875,20,-0.1875,-100
264,31,1,0,,16,,,,
965,30,1,2,12,3,,,,
81,10,1,2,1,1,,,,
206,10,1,0,36,226,0.250784929,37.06689342,0.720800628,95.36804465
971,30,0,0,,31,,,,
48,11,1,2,77,72,,,,
960,10,1,2,1,1,,,,
907,10,0,0,80,1013,-0.092900043,28.81469588,0.907014157,242.7827381
199,30,1,0,3,218,-0.166666667,-11.11111111,3,-100
911,11,0,0,,38,,,,
951,20,0,0,5,176,0.025,2.380952381,0,
917,31,1,0,3,51,-1.428571429,-49.07407407,0,
994,30,0,1,17,14,,,,
1002,20,0,1,41,37,,,,
1035,10,0,0,7,189,-0.128253968,-6.570048309,0.206984127,-11.11111111
155,10,1,0,83,1134,-0.214627595,2.783076609,1.386281179,60.19982589
49,0,0,0,19,647,-0.215628816,-13.46425657,-0.108730159,-38.51851852
974,30,0,0,8,216,-0.174603175,-7.857142857,0.51984127,-58.33333333
266,30,1,0,21,224,-2.150390266,-47.61037414,1.269100092,26.5625
49,0,1,0,4,271,0.25,25,-0.25,-50
171,10,1,2,21,13,,,,
982,20,1,0,,27,,,,
934,11,1,2,19,18,,,,
925,10,0,1,13,12,,,,
108,10,0,0,2134,6306,-0.456379391,2.269529323,1.08107716,76.16225076
315,10,0,0,261,2779,-1.060842085,-10.82534769,2.63696497,110.0575851
70,10,0,0,172,2670,-0.66316859,-11.20993713,1.913795368,152.4158168
268,30,1,0,,37,,,,
937,10,1,0,1,39,0,0,-3,-100
312,20,1,2,18,11,,,,
140,11,1,2,5,4,,,,
224,20,1,2,1,1,,,,
103,10,1,2,1,1,,,,
103,10,1,0,,49,,,,
1035,10,1,0,2,53,-3.153846154,-61.19402985,20.15384615,1007.692308
219,20,0,0,2,22,1,100,-19,-86.36363636
1029,20,0,1,36,28,,,,
253,31,1,2,14,11,,,,
154,10,1,2,1,1,,,,
70,10,0,1,78,56,,,,
63,10,0,0,12,595,-0.408748196,-14.70556428,-0.254563492,-50.79365079
960,10,1,0,,39,,,,
263,30,0,1,4,4,,,,
1002,20,1,0,1,303,0,0,0,
40,10,1,2,17,15,,,,
255,30,0,1,10,9,,,,
1030,10,0,1,18,12,,,,
199,30,0,0,447,2017,-0.186429892,-0.956836344,0.484490835,33.20903303
161,10,0,0,164,1301,-0.993319692,-16.13876702,1.838383692,200.9643424
930,10,0,0,2,490,-0.5,-25,1.25,
68,10,1,0,33,636,-0.607142857,8.339912709,-0.242296919,-9.299342633
1008,30,0,1,6,3,,,,
235,30,0,1,7,6,,,,
122,20,1,0,,2,,,,
62,11,1,0,81,1755,-0.780560181,-24.73321415,2.020220058,101.537999
931,10,0,1,36,28,,,,
283,30,1,2,4,1,,,,
146,10,1,0,270,1906,0.153991314,25.81117722,0.406867632,61.96031922
945,20,0,1,43,31,,,,
231,20,1,0,1,66,0,0,0,
55,10,1,2,13,8,,,,
939,10,0,1,23,18,,,,
235,30,1,2,1,1,,,,
187,30,0,0,2,94,-1.166666667,-35,0,
167,10,1,2,3,2,,,,
420,0,0,0,2371,9357,-0.736630247,-12.34439151,3.202221877,218.6645652
929,10,0,0,16,354,0.038690476,6.105769231,-0.126785714,17.69214703
288,20,0,0,23,249,-0.004578755,8.596403596,-0.055128205,-37.03703704
99,30,1,0,1,24,-0.5,-33.33333333,0.5,
980,21,1,2,8,5,,,,
187,30,0,1,6,6,,,,
174,10,0,0,16,842,-0.107142857,0.231481481,0.673809524,85.04761905
42,10,1,2,83,45,,,,
421,0,1,0,35,259,-2.208333333,-21.03494624,3.125,90
1022,30,1,0,,34,,,,
1009,30,1,0,8,85,7,700,0,
419,0,1,0,3,90,0.818181818,37.5,3.636363636,181.8181818
279,30,0,0,8,185,-0.44047619,-26.0430839,7.478571429,612.875
46,10,0,1,8,6,,,,
74,10,1,2,12,6,,,,
162,10,0,1,7,7,,,,
655,10,1,2,5,3,,,,
110,10,0,1,13,11,,,,
996,31,1,2,1,1,,,,
64,10,0,0,261,8738,-0.369373796,-3.959929342,2.490981927,238.6289051
158,10,1,0,123,1322,0.390698191,15.95374587,1.999803233,155.253953
70,10,1,0,,363,,,,
84,10,0,0,22,528,-0.063988095,1.8246337,0.216269841,60.54421769
184,30,0,1,3,3,,,,
975,30,1,0,1,40,0,0,2,
919,10,1,0,,23,,,,
162,10,1,0,,21,,,,
947,10,0,0,41,544,-0.304166667,11.90669222,0.230934343,-37.5
1009,30,0,1,11,9,,,,
966,30,0,1,9,9,,,,
1004,20,1,2,6,4,,,,
252,30,1,2,7,1,,,,
128,10,0,0,40,460,-0.156084656,0.593523265,0.14021164,-40
988,20,1,0,3,63,0,0,0,
175,10,0,1,4,4,,,,
180,20,1,0,,2,,,,
264,31,0,0,,42,,,,
989,20,1,0,,43,,,,
62,11,1,2,45,41,,,,
204,10,0,1,41,24,,,,
43,10,1,2,2,2,,,,
231,20,0,1,13,6,,,,
160,10,1,2,2,2,,,,
1027,20,1,2,1,1,,,,
929,10,1,0,,56,,,,
1000,0,1,0,9,100,-0.536616162,-19.56959707,2.188762626,-33.33333333
159,10,0,1,34,22,,,,
936,10,0,1,25,18,,,,
234,20,1,0,,5,,,,
277,31,0,0,,739,,,,
300,10,0,1,88,51,,,,
115,10,1,0,,25,,,,
221,20,1,0,4,140,-1.888888889,-17.57575758,0,
915,20,1,0,,24,,,,
1019,31,1,2,22,18,,,,
75,10,1,2,20,16,,,,
187,30,1,0,,8,,,,
209,10,0,1,2,2,,,,
1008,30,0,0,4,108,-0.3,-4.166666667,0,
109,10,1,0,2,279,-2.835714286,-72.93346774,4.478571429,
61,11,1,2,40,37,,,,
940,10,1,0,7,83,1.5,50,1,
918,20,1,0,3,13,1.75,140,0.25,
279,30,1,0,6,76,-0.583333333,-29.44444444,0.722222222,-29.62962963
913,31,1,2,11,10,,,,
52,11,1,2,17,17,,,,
977,20,0,1,5,3,,,,
965,30,1,0,12,74,1,16.66666667,-0.888888889,-91.66666667
311,10,0,0,39,560,-0.335758082,-12.20177228,0.841853798,-1.5625
246,31,0,0,,510,,,,
112,10,1,0,,52,,,,
228,20,0,1,72,35,,,,
256,20,1,2,1,1,,,,
178,10,0,0,977,3137,-0.436427372,0.107763673,0.810577062,61.62002085
220,20,0,0,10,250,-0.435064935,-12.76190476,0.968975469,227.7777778
116,10,1,0,,49,,,,
119,20,0,1,27,25,,,,
109,10,0,1,118,92,,,,
196,20,1,2,16,8,,,,
199,30,0,1,65,36,,,,
103,10,0,0,50,405,-0.8347216,-12.83379126,1.202928298,-32.68518519
958,10,1,0,,58,,,,
265,30,1,0,,106,,,,
57,10,1,0,6,69,-0.478354978,-12.43686869,2.398268398,359.7402597
973,30,1,0,2,29,-0.583333333,-36.66666667,0.916666667,
70,10,1,2,4,4,,,,
250,30,1,2,1,1,,,,
47,10,0,0,81,1219,-0.045288244,-8.109386459,0.659959881,70.20180437
315,10,0,1,123,59,,,,
281,30,0,0,51,242,1.356288156,39.08521735,-1.841391941,-62.27824463
196,20,1,0,25,376,-0.348228161,4.799364445,2.424623987,90.98833265
192,30,1,0,3,165,0.333333333,37.5,0,0
233,20,1,2,2,1,,,,
1014,30,0,0,,54,,,,
106,10,1,0,,25,,,,
65,10,0,0,561,6760,-0.512944006,-4.990280156,2.191879366,140.3329216
45,10,0,0,2,195,-0.5,-25,0,-100
159,10,0,0,22,587,-0.016190476,4.760971055,0.478730159,-19.64285714
139,10,0,1,404,177,,,,
420,0,0,1,111,88,,,,
68,10,1,2,10,8,,,,
103,10,0,1,13,9,,,,
227,20,0,1,4,2,,,,
78,10,0,0,745,6074,-0.856781029,-14.2503843,5.276971224,225.4806107
90,11,0,0,,1937,,,,
192,30,1,2,3,3,,,,
152,10,0,1,127,80,,,,
125,10,0,0,451,2308,-0.897892706,-15.70302325,1.233591594,92.22238159
147,11,0,0,,1096,,,,
427,0,0,0,2063,7145,-0.469436415,-3.205310426,1.56942083,129.1842777
56,10,1,0,41,799,-0.469907407,4.431802765,1.9625,126.0416667
188,30,1,0,2,62,-3.125,-75.55555556,3,300
55,10,0,1,112,80,,,,
1016,31,0,0,,175,,,,
276,30,0,1,17,14,,,,
1000,0,0,1,25,22,,,,
132,10,1,2,3,2,,,,
266,30,0,1,11,7,,,,
938,10,1,0,3,124,0,0,0.166666667,-100
171,10,0,0,106,1440,-0.594639388,-0.519583964,1.662594581,121.2495837
300,10,1,0,13,295,-0.066707251,24.02187586,0.928571429,150
118,21,1,0,51,216,-0.31154063,-5.443948413,0.801934524,341.4880952
637,0,0,1,11,9,,,,
306,10,0,0,618,5181,-1.488596056,-13.23337089,2.284401639,231.3154145
158,10,0,0,332,4579,-0.17569878,-0.590289488,1.722553604,145.5116516
1021,30,0,0,18,399,0.133333333,7.407407407,2.312345679,196.25
940,10,0,0,9,441,-0.34375,-2.232142857,0.25,0
930,10,1,0,,102,,,,
277,31,1,2,35,29,,,,
938,10,0,1,52,39,,,,
995,30,1,2,1,1,,,,
216,20,0,1,2,2,,,,
99,30,0,1,3,3,,,,
204,10,1,0,16,221,-0.35581464,-17.17297854,-0.770041322,-79.21969697
313,0,0,0,583,3621,-0.584585732,-12.85068189,0.713910013,46.29882664
922,10,1,2,1,1,,,,
421,0,0,1,87,54,,,,
161,10,0,1,28,25,,,,
227,20,1,0,,29,,,,
202,11,1,2,13,12,,,,
984,20,1,2,1,1,,,,
1009,30,0,0,12,414,-1.038772339,-41.76880323,1.390151515,148.1481481
189,30,0,0,56,521,-0.539028945,-15.61784687,0.781372549,-37.83333333
113,10,0,0,6,109,-0.566883117,-32.8899171,0.444155844,
988,20,0,0,1,176,-1,-50,0,
278,30,0,0,35,776,-0.236888836,-4.232640957,1.135639964,224.537037
654,20,0,1,94,65,,,,
928,10,0,0,14,278,-0.65308642,-22.76054193,0.255555556,-80
163,10,1,0,,12,,,,
212,20,0,0,,187,,,,
959,10,1,2,1,1,,,,
209,10,1,2,2,2,,,,
268,30,1,2,1,1,,,,
72,10,0,1,82,60,,,,
946,20,0,0,2,54,-0.666666667,-28.57142857,0.125,
157,10,0,0,20,755,0.081428571,35.67805383,3.67047619,550
133,20,1,0,,53,,,,
299,0,1,2,6,5,,,,
159,10,1,0,5,194,0.1875,20,-0.770833333,-72.22222222
945,20,1,0,,78,,,,
984,20,0,0,3,109,-0.783333333,-33.71212121,0.066666667,
282,30,1,0,8,99,-0.071428571,2.380952381,0.443877551,85.71428571
986,21,1,0,71,400,-0.233030776,-4.931350498,0.888984055,32.31244065
42,10,0,1,661,380,,,,
978,20,1,0,,29,,,,
71,10,0,1,132,95,,,,
970,30,0,1,4,4,,,,
143,10,1,2,4,3,,,,
151,10,0,0,154,3792,-0.812280223,-15.48122838,1.107786628,52.97128159
653,0,0,0,1155,10702,-1.001547436,-14.10098896,2.25505883,171.9972969
975,30,0,0,15,205,-0.28422619,-14.41775279,-0.047619048,-83.33333333
306,10,1,0,12,246,-0.352272727,-4.418604651,-0.225649351,-32.86951144
139,10,1,2,47,25,,,,
165,10,1,0,10,168,2,40,0,
1026,20,1,0,,9,,,,
227,20,1,2,2,2,,,,
999,30,1,2,5,5,,,,
251,30,0,0,21,420,-0.236507937,5.092592593,-0.560634921,-100
912,20,0,1,9,6,,,,
85,10,0,1,398,152,,,,
933,10,1,0,6,79,-0.601190476,-30.83333333,1.694444444,50
298,10,1,0,4,110,-0.182142857,-14.44978632,0.607142857,42.85714286
658,10,0,1,75,47,,,,
104,10,0,1,25,21,,,,
88,10,1,2,7,7,,,,
270,30,1,2,3,3,,,,
125,10,1,0,3,136,-0.9,-37.65432099,2.166666667,
654,20,1,0,8,473,-1.175510204,-22.92016807,1.181632653,153.75
933,10,0,0,1,112,0,0,0,
426,0,1,0,7,87,-0.113095238,-13.88888889,2.178571429,300
298,10,0,1,31,20,,,,
92,30,0,1,15,12,,,,
914,20,0,1,2,2,,,,
45,10,0,1,6,6,,,,
1015,31,1,0,13,94,-0.518027211,-4.792917167,0.152721088,-62.5
289,30,0,0,16,223,-0.244588745,-6.305054595,0.145454545,-100
88,10,0,1,61,39,,,,
284,20,1,2,10,8,,,,
944,11,1,2,4,3,,,,
291,31,1,0,26,140,-0.569230769,13.97090089,0.05,33.33333333
965,30,0,0,66,798,0.144905274,18.44920625,0.417153098,-18.18181818
123,20,0,1,65,45,,,,
257,20,0,0,148,835,-0.465951713,3.286654286,0.476578239,-1.283068783
253,31,1,0,48,210,-1.241056513,-27.43711569,0.388020429,96.9035409
138,0,0,0,32,424,-0.664215686,-18.41539221,1.051820728,71.61904762
66,10,0,1,63,51,,,,
907,10,0,1,16,15,,,,
996,31,1,0,2,20,0,0,0,
166,10,0,0,,2,,,,
281,30,0,1,7,7,,,,
240,31,0,0,,412,,,,
250,30,0,0,26,312,-0.251960784,-10.94928524,-0.048669468,-76.19047619
992,30,1,0,2,60,0.75,60,0.75,
146,10,0,1,312,206,,,,
164,10,1,0,,20,,,,
58,10,1,2,4,3,,,,
926,11,1,2,4,4,,,,
654,20,1,2,11,9,,,,
185,30,0,1,4,4,,,,
315,10,1,0,79,542,0.240003856,4.812705591,3.727584988,185.9968966
939,10,0,0,83,619,-0.092469996,3.44298428,0.001693767,-17.39417989
960,10,0,0,141,933,-0.353830526,-6.444225287,1.255916598,95.97149764
53,10,0,0,98,1805,-1.334000661,-16.51198442,2.933461104,-19.0499778
185,30,0,0,22,305,0.409259259,29.04347311,-0.07962963,-17.42424242
252,30,1,0,14,102,1.5,16.19047619,0.7,0
965,30,0,1,51,33,,,,
991,30,1,0,8,27,4,100,-4.625,-92.5
212,20,0,1,5,5,,,,
66,10,1,0,7,648,0.125,7.5,0.458333333,0
920,10,1,0,40,1086,-0.613920455,-13.14372702,0.560837542,18.16666667
313,0,1,2,5,3,,,,
284,20,0,1,131,91,,,,
233,20,1,0,3,101,-4.125,-57.89473684,0.25,
917,31,0,0,,93,,,,
979,20,0,0,5,177,0.466666667,29.16666667,0,
940,10,0,1,22,20,,,,
968,30,0,1,9,8,,,,
951,20,0,1,7,7,,,,
216,20,1,0,,5,,,,
84,10,0,1,6,6,,,,
210,10,0,1,145,86,,,,
127,10,0,1,18,14,,,,
168,10,0,1,13,11,,,,
424,0,0,0,105,1079,0.062517405,8.55363515,0.456913749,43.84695166
188,30,0,0,120,865,-0.110650987,11.1291455,0.240225005,-79.16666667
922,10,1,0,,23,,,,
1017,30,0,1,46,26,,,,
966,30,0,0,5,83,-0.470238095,-21.79487179,0.416666667,
291,31,1,2,9,9,,,,
957,10,0,1,6,5,,,,
972,30,0,0,5,110,-0.44,-23.33333333,-0.1,0
91,10,1,2,16,11,,,,
947,10,0,1,13,12,,,,
285,30,0,1,18,18,,,,
424,0,0,1,12,10,,,,
1011,30,1,2,3,3,,,,
75,10,0,0,2137,13679,-1.200710765,-13.908935,8.068163371,316.1597087
909,10,1,0,,66,,,,
913,31,0,0,,101,,,,
1020,30,1,2,2,2,,,,
908,10,0,0,24,414,0.167063492,19.26844763,0.827228327,-82.14285714
1012,30,1,0,,13,,,,
259,20,1,0,,12,,,,
292,20,0,0,1329,5990,-0.436996845,-4.458965102,1.55090367,118.5014445
157,10,1,0,4,273,-0.333333333,-16.66666667,2,-100
104,10,1,0,,78,,,,
203,10,0,1,41,31,,,,
121,10,1,0,1,64,-0.416666667,-29.41176471,0.25,
164,10,0,1,10,5,,,,
935,10,1,2,4,2,,,,
245,30,1,2,4,3,,,,
241,30,1,2,1,1,,,,
987,20,0,0,90,1070,-0.310911496,-9.087842203,0.193650794,-81.66666667
653,0,0,1,302,174,,,,
655,10,1,0,16,215,-0.154614325,-9.427793008,0.815082645,-100
224,20,0,0,1,197,0,0,0,
128,10,0,1,21,18,,,,
419,0,0,1,29,29,,,,
985,20,1,2,1,1,,,,
170,10,1,0,156,2073,-0.683001958,10.22467956,2.195883363,323.3801826
145,10,0,1,211,138,,,,
1017,30,1,0,13,178,-1.039814815,-33.03490455,1.468518519,1.388888889
269,30,1,0,1,32,-3,-75,1.5,
983,20,1,0,,34,,,,
216,20,0,0,38,71,-0.397978537,-8.320832915,0.087984743,-25
165,10,1,2,6,5,,,,
200,10,1,2,3,3,,,,
924,10,0,0,5,39,0.666666667,66.66666667,-1.666666667,-50
156,11,1,2,94,80,,,,
1031,10,1,0,,161,,,,
1013,31,1,0,1,31,0,0,0,
86,10,1,2,25,13,,,,
427,0,1,2,6,2,,,,
217,20,1,0,,1,,,,
421,0,0,0,216,1733,-0.39007389,3.414025687,1.922690223,120.1425893
983,20,0,0,8,134,-0.904761905,-41.54761905,0.742559524,
1025,10,0,0,11,342,-0.358333333,-13.34453782,0.386111111,-96.66666667
908,10,1,0,,18,,,,
306,10,0,1,211,80,,,,
969,30,1,0,2,58,1,100,0.333333333,
1022,30,0,0,4,143,-0.625,-26.36554622,0.35,
74,10,1,0,9,406,-1.112811791,-42.86075036,1.453514739,183.7301587
179,11,0,0,,59,,,,
165,10,0,1,58,48,,,,
160,10,0,1,32,26,,,,
1010,30,1,0,,10,,,,
399,20,1,2,31,15,,,,
191,30,0,1,3,3,,,,
117,20,1,2,12,8,,,,
51,10,1,2,8,4,,,,
958,10,1,2,1,1,,,,
301,10,0,0,63,1059,-0.753623157,-3.205047886,1.680874467,168.2780183
86,10,0,1,232,130,,,,
67,10,1,0,27,1195,-0.330235043,4.967171717,1.553459503,285.8682675
172,11,1,2,117,108,,,,
920,10,0,1,157,114,,,,
925,10,0,0,7,383,0.333333333,12.5,0.625,100
246,31,1,0,149,364,-0.697331978,-10.49545812,0.836517266,47.70634921
147,11,1,2,19,17,,,,
146,10,1,2,43,28,,,,
673,0,1,0,,16,,,,
109,10,1,2,15,7,,,,
153,10,0,0,85,568,-0.266902156,0.980852406,1.521377465,116.0218254
53,10,1,0,35,708,-0.236823593,8.378427128,1.311412338,132.4621212
209,10,0,0,19,158,-0.19644765,5.832583447,2.527911325,362.5
930,10,0,1,7,7,,,,
1017,30,0,0,25,512,-0.206944444,12.31557794,0.7,168.75
420,0,1,2,4,4,,,,
105,10,0,0,56,624,-0.795739246,-25.13073596,0.614418314,-75
221,20,1,2,3,3,,,,
94,30,1,0,5,207,-0.827380952,-25.24703557,4.294642857,532.1428571
68,10,0,0,241,3046,-0.471763443,-4.694079389,1.436343544,81.49763718
67,10,0,0,646,7333,-0.575886824,-4.970187279,1.927073551,163.3119767
53,10,0,1,118,79,,,,
72,10,1,0,1,380,-0.5,-33.33333333,1.125,56.25
105,10,0,1,22,15,,,,
141,10,1,0,,18,,,,
157,10,0,1,23,22,,,,
194,30,1,2,1,1,,,,
657,20,1,0,77,847,-0.103627028,0.748438796,3.621877725,156.6895691
938,10,0,0,128,1387,-0.418457191,-7.793342224,1.026446008,71.10085093
190,30,0,1,1,1,,,,
43,10,0,0,2,615,-0.25,-16.66666667,0,
997,30,0,0,3,111,-0.5,-16.66666667,0.4,
1020,30,0,1,41,31,,,,
964,20,1,0,,12,,,,
360,10,1,2,2,2,,,,
947,10,1,2,1,1,,,,
915,20,0,1,2,2,,,,
109,10,0,0,1392,6226,-0.300217859,-0.43024328,1.000621349,87.34698403
276,30,1,0,8,176,-0.763392857,-33.7900641,0.532738095,
123,20,0,0,267,1551,0.237956186,9.690696247,0.010018722,22.09323965
110,10,0,0,23,215,-0.219322344,-0.809856589,0.544871795,28.125
93,30,0,0,10,622,-0.277777778,-14.56790123,0.277777778,66.66666667
360,10,1,0,1,114,0,0,1,
155,10,0,0,414,4713,-0.470846611,-3.907486635,2.729078833,175.5132273
981,20,0,0,3,159,-0.616666667,-27.17948718,10.4,503.3333333
655,10,0,1,41,33,,,,
191,30,1,0,,7,,,,
990,10,1,0,,8,,,,
271,30,1,0,,1,,,,
418,0,0,0,662,2676,-0.784138529,-10.93134994,1.981300727,107.8607796
1011,30,0,0,5,694,0.259259259,30,-0.555555556,-100
134,20,0,0,524,2186,-0.46612294,-7.147834706,0.636923946,4.446016568
211,10,0,0,,51,,,,
201,10,0,1,34,27,,,,
1014,30,1,0,,14,,,,
1006,20,0,0,23,566,-0.537414966,-6.947496947,0.110544218,-41.66666667
208,10,0,0,55,837,-0.179025749,0.729909218,0.463233902,99.87433862
427,0,1,0,1,149,-1,-50,0,
235,30,0,0,5,210,-0.404761905,-15.55555556,0,
1023,30,1,0,,6,,,,
50,10,0,1,6,6,,,,
989,20,0,0,74,794,-0.565419501,-9.959886421,0.578505291,8.518518519
151,10,0,1,97,69,,,,
148,11,1,2,153,123,,,,
167,10,0,1,38,23,,,,
71,10,1,2,17,14,,,,
59,10,1,0,2,31,-0.5,-20,0,
1035,10,0,1,2,2,,,,
638,0,1,2,1,1,,,,
959,10,0,0,133,1123,-0.481401265,-7.128922696,1.002473156,54.8062079
297,10,0,0,39,497,0.202967564,14.58846348,1.080400276,163.9455782
263,30,0,0,5,94,0.8,35.71428571,1.1,20
65,10,1,2,41,28,,,,
1006,20,0,1,12,11,,,,
306,10,1,2,2,2,,,,
374,10,1,2,3,3,,,,
178,10,1,2,11,6,,,,
290,31,1,0,7,51,0.3,20,-0.25,-87.5
205,10,1,2,39,20,,,,
1026,20,0,0,5,43,0.222222222,9.523809524,0.388888889,
657,20,1,2,47,20,,,,
179,11,1,0,5,27,0.472222222,35,0.083333333,
948,10,1,0,,8,,,,
93,30,1,2,2,2,,,,
954,20,1,2,13,5,,,,
189,30,0,1,22,9,,,,
1032,10,0,0,,11,,,,
280,30,0,0,,72,,,,
282,30,1,2,3,3,,,,
985,20,0,1,8,7,,,,
265,30,1,2,8,4,,,,
917,31,1,2,2,1,,,,
131,10,0,0,58,717,-0.063042672,-4.163901225,1.169294991,18.13051146
283,30,0,0,76,1003,-0.016482684,12.86956616,0.542960581,106.3186813
990,10,0,0,6,102,0.055555556,2.777777778,0.111111111,
46,10,0,0,4,105,-0.5,-16.66666667,0.25,0
949,0,0,1,25,23,,,,
72,10,1,2,5,4,,,,
133,20,1,2,1,1,,,,
924,10,1,0,,2,,,,
210,10,0,0,96,1671,-0.505584293,-15.94090919,0.979160952,71.37464387
984,20,1,0,5,61,1.5,150,0,
964,20,0,0,14,120,1.925,130.5555556,-1.3,-86.66666667
266,30,1,2,18,12,,,,
1024,10,1,2,16,12,,,,
113,10,1,0,,9,,,,
82,10,0,1,932,395,,,,
978,20,0,0,6,134,0.5,50,0,
399,20,0,1,258,115,,,,
977,20,0,0,1,90,0,0,0,
1004,20,1,0,1,57,-0.5,-33.33333333,0,
46,10,1,0,,40,,,,
273,30,1,2,11,8,,,,
40,10,1,0,67,1323,-0.085275023,-0.013740628,1.37713303,109.7536542
48,11,0,0,,4373,,,,
197,20,1,0,21,583,0.023526936,-1.471812501,0.117929293,-33.53174603
125,10,0,1,62,50,,,,
981,20,1,0,,48,,,,
47,10,1,0,17,515,0.1375,19.48717949,1.208333333,140.625
1007,30,1,0,1,67,-4,-80,0,
290,31,0,0,,81,,,,
235,30,1,0,5,47,-1.2,-18.75,0,
932,10,1,0,,25,,,,
214,20,0,1,1,1,,,,
245,30,0,1,8,4,,,,
941,10,1,2,1,1,,,,
192,30,0,0,78,1184,-0.587074037,-13.77578893,0.706807776,51.09126984
189,30,1,0,4,41,0.283333333,8.928571429,0.1,
1011,30,1,0,3,156,-0.5,16.66666667,4,200
937,10,0,1,7,7,,,,
939,10,1,0,1,60,-0.333333333,-25,0,
128,10,1,0,,27,,,,
265,30,0,1,33,21,,,,
95,10,1,2,6,3,,,,
955,20,0,0,22,363,-0.044786096,1.350153115,0.57034632,-43.18181818
1018,30,1,0,8,69,-0.714285714,-26.01010101,1.80952381,40
94,30,0,1,49,30,,,,
976,30,0,0,5,33,-0.4,-20,0.138181818,
1028,10,0,0,71,1099,-0.231413428,2.702937894,0.774262246,4.210554403
1029,20,1,0,18,241,0.196825397,34.52729045,-0.253968254,42.85714286
993,30,0,0,,101,,,,
43,10,0,1,19,17,,,,
293,30,0,0,,3,,,,
194,30,0,0,196,1890,-0.702037006,-6.97430211,0.64722943,47.81113728
956,20,0,0,60,710,-0.142857143,2.172661818,0.589229025,101.5079365
399,20,1,0,57,335,-1.080753234,-10.77389857,3.610487878,53.71717018
169,10,1,0,,12,,,,
300,10,0,0,189,1905,-0.554713524,-8.666293953,1.710265296,134.4904987
45,10,1,0,1,62,0,0,0,
926,11,0,0,,260,,,,
969,30,0,0,30,460,0.065162907,11.7481203,-0.184210526,-81.25
154,10,0,1,5,5,,,,
162,10,1,2,1,1,,,,
148,11,0,0,,6514,,,,
920,10,0,0,156,3979,-0.398630181,-11.59997313,1.932625966,130.9425511
233,20,0,0,136,785,-0.325434587,-4.768387348,1.026502746,266.7875458
71,10,1,0,10,592,-0.920616883,-35.28059706,2.639989177,161.2878788
92,30,1,0,1,71,-0.2,-16.66666667,1.6,
67,10,1,2,31,25,,,,
1018,30,0,1,3,3,,,,
374,10,0,0,105,1006,-0.770772006,-15.69191779,2.240561661,245.5833333
988,20,0,1,24,21,,,,
232,21,1,2,5,5,,,,
278,30,1,2,10,8,,,,
946,20,0,1,2,2,,,,
265,30,0,0,84,645,-0.93012363,-18.23344557,0.428345228,56.0634119
198,30,1,0,,120,,,,
285,30,0,0,46,532,-0.15069603,2.920439456,0.264002367,39.33624709
90,11,1,2,107,85,,,,
1023,30,0,0,1,38,-2,-66.66666667,0,
1025,10,0,1,24,20,,,,
1005,21,1,2,19,16,,,,
425,0,0,1,40,28,,,,
908,10,0,1,8,7,,,,
260,20,1,0,,4,,,,
1031,10,0,0,937,3991,-0.024855557,9.363613163,0.809060527,70.45950981
280,30,1,0,,14,,,,
196,20,0,1,55,39,,,,
658,10,0,0,71,1313,-0.151353134,-4.626416552,1.745536515,43.57683983
186,20,1,0,1,114,-1.857142857,-65,0,
297,10,1,0,13,171,-0.6975,-24.95979021,0.8175,-41.66666667
935,10,0,0,30,400,-0.006489262,23.46617435,0.081442577,12.5
1019,31,1,0,49,369,-0.753131764,-21.83903022,0.614573187,67.53837072
171,10,0,1,70,41,,,,
134,20,1,0,7,110,2,100,0,
657,20,0,1,290,142,,,,
301,10,0,1,61,41,,,,
206,10,1,2,6,5,,,,
969,30,0,1,21,16,,,,
241,30,0,1,9,8,,,,
312,20,0,0,370,2809,-0.541004338,0.245505463,1.741944104,143.4286895
88,10,1,0,12,391,-1.285714286,-24.77623457,3.735119048,395.2380952
928,10,1,0,2,86,0,0,1,
947,10,1,0,,19,,,,
194,30,0,1,81,28,,,,
299,0,1,0,10,160,-0.493650794,-21.82778375,1.242857143,-75
953,20,0,1,17,16,,,,
978,20,0,1,6,6,,,,
85,10,1,2,80,28,,,,
92,30,1,2,3,3,,,,
1009,30,1,2,1,1,,,,
178,10,1,0,4,190,-0.1,-6.818181818,2.8,
152,10,1,0,31,965,-0.103968254,13.66738397,0.89538517,51.48682336
962,20,0,0,4,162,-0.333333333,-18.75,0,
197,20,0,1,138,77,,,,
1005,21,0,0,,543,,,,
948,10,0,1,11,11,,,,
193,30,0,0,2,52,0,0,-0.25,-50
174,10,0,1,63,40,,,,
106,10,1,2,1,1,,,,
974,30,1,2,1,1,,,,
656,10,1,0,12,294,-0.847680098,-22.33838214,-1.324430199,-88.54166667
186,20,0,0,129,867,-0.976798692,-1.6332204,1.56207975,209.154602
282,30,0,1,20,14,,,,
1010,30,0,0,,68,,,,
920,10,1,2,44,25,,,,
180,20,0,0,,5,,,,
923,10,0,0,31,402,0.9775,20.91269841,0.909166667,51.5625
195,21,0,0,,2178,,,,
162,10,0,0,9,260,0.213888889,12.59259259,0.263888889,0
912,20,1,0,10,22,0.594444444,5.615453729,0.861111111,200
60,10,1,0,8,230,-0.693452381,5.618401207,1.875,
59,10,0,0,8,213,-0.173412698,-8.995783628,0.516666667,
130,10,1,0,,51,,,,
170,10,0,0,765,9086,-0.62437798,-1.681759563,2.133428147,162.9545133
202,11,1,0,102,566,-1.45332692,-32.1214739,0.681297098,26.33247154
260,20,0,0,,44,,,,
178,10,0,1,81,45,,,,
970,30,1,0,1,18,0,0,1,
1004,20,0,1,12,10,,,,
289,30,0,1,13,12,,,,
289,30,1,2,3,3,,,,
134,20,1,2,2,1,,,,
273,30,0,0,270,1761,-0.368891908,9.348088135,0.60672864,75.88824755
170,10,0,1,524,276,,,,
227,20,0,0,5,89,-0.922222222,-32.19298246,0,
79,0,1,0,,1,,,,
654,20,0,0,449,3146,-0.301157764,7.15028605,1.425630755,160.380231
1024,10,0,0,411,3027,-0.316284979,-2.989918765,1.593590597,109.5174602
256,20,1,0,,6,,,,
154,10,0,0,1,197,0,0,-1,-100
273,30,0,1,54,34,,,,
1001,20,0,1,19,17,,,,
59,10,1,2,1,1,,,,
280,30,1,2,2,2,,,,
983,20,0,1,3,3,,,,
937,10,1,2,1,1,,,,
933,10,1,2,2,2,,,,
71,10,0,0,366,3951,-0.287398235,-4.546714039,1.691559208,126.8741523
243,30,1,0,36,65,2.183673469,80.22556391,1.214285714,-13.88888889
956,20,1,0,,30,,,,
96,10,1,0,5,202,-1.549401709,-59.77453102,0.793162393,288.8888889
997,30,1,0,1,44,0,0,0,
195,21,1,2,52,42,,,,
263,30,1,0,,34,,,,
995,30,0,1,8,6,,,,
1034,10,0,0,28,288,0.255,37.51515152,0.28,115
90,11,1,0,523,1411,-1.451169787,-24.55061095,3.434685205,275.9776315
48,11,1,0,235,2282,-0.647834653,-17.84223953,1.450986246,153.822146
990,10,0,1,5,5,,,,
192,30,0,1,45,36,,,,
916,30,1,0,5,51,-6.423076923,-74.43113772,0,
1030,10,1,2,3,1,,,,
269,30,0,1,5,3,,,,
58,10,0,0,32,740,-0.838055423,-10.73014128,0.703838191,203.3333333
153,10,1,0,,91,,,,
1030,10,1,0,,21,,,,
281,30,1,2,14,1,,,,
105,10,1,2,1,1,,,,
938,10,1,2,2,1,,,,
954,20,0,0,115,995,-0.251604193,-6.656523554,0.769202778,94.58333333
85,10,1,0,43,895,-0.727533578,-17.09719709,2.837731713,36.70100733
241,30,0,0,158,526,-0.553326214,-1.343125523,0.505407093,18.74603175
992,30,0,0,22,649,0.410952381,32.34432234,0.72,-75
986,21,0,0,,636,,,,
927,10,1,0,,35,,,,
168,10,1,0,7,65,3.333333333,90.90909091,0.333333333,33.33333333
311,10,1,0,,18,,,,
1027,20,0,0,1,11,-0.4,-28.57142857,0.2,
279,30,1,2,5,3,,,,
130,10,0,0,79,904,-0.245125933,1.337042508,0.82279155,103.9722222
221,20,0,0,18,680,0.183116883,7.386363636,0.34025974,151.1111111
139,10,0,0,875,5189,-1.41093376,-15.68154928,3.958120239,236.0493849
68,10,0,1,142,111,,,,
91,10,0,0,142,1715,-0.623023744,-11.7562967,3.401606575,194.5157803
1001,20,1,0,,106,,,,
74,10,0,0,443,3874,-1.035028886,-15.24684385,3.08796515,148.579699
289,30,1,0,,19,,,,
988,20,1,2,2,2,,,,
284,20,0,0,444,4089,-0.445378047,-6.62646803,1.397160533,121.2511382
426,0,0,0,190,2080,-0.748955289,-14.70217903,2.275452942,63.46992015
374,10,1,0,8,90,-0.188888889,14.07142857,1.544444444,55.55555556
50,10,0,0,2,118,1,100,2,
189,30,1,2,2,2,,,,
941,10,0,1,25,24,,,,
933,10,0,1,8,8,,,,
219,20,1,0,,4,,,,
262,21,1,2,3,3,,,,
1003,21,1,2,13,12,,,,
1001,20,0,0,21,450,0.087606838,-4.873722768,1.491452991,159.8958333
980,21,1,0,4,138,0,0,0.227272727,
639,30,1,0,,14,,,,
955,20,1,0,,15,,,,
969,30,1,2,4,3,,,,
272,30,1,2,1,1,,,,
925,10,1,2,3,2,,,,
312,20,1,0,30,429,-0.578753763,-12.7813518,0.917401716,90.06982601
116,10,0,1,17,16,,,,
55,10,1,0,22,524,-0.417748918,-5.716747021,1.537012987,92.85714286
54,10,0,0,14,974,-0.211111111,0.641233766,-0.022222222,-57.77777778
257,20,1,0,,35,,,,
1028,10,1,0,,101,,,,
1011,30,0,1,15,12,,,,
131,10,0,1,15,12,,,,
260,20,0,1,3,2,,,,
197,20,0,0,253,3677,-0.541002099,-0.278046378,0.971579331,55.30514729
147,11,1,0,64,575,-1.54183684,-33.83885651,4.233169118,226.9182714
286,10,0,1,22,19,,,,
210,10,1,2,31,20,,,,
193,30,0,1,5,3,,,,
914,20,1,0,,12,,,,
148,11,1,0,753,2962,-1.168129959,-15.86481215,1.989720944,176.7254216
973,30,0,0,12,174,0.535714286,28.94894895,0.083333333,-67.85714286
251,30,1,0,1,41,-0.5,-33.33333333,0.166666667,
250,30,1,0,2,28,-1.5625,-60.95238095,1.375,
279,30,0,1,6,5,,,,
943,10,0,1,28,22,,,,
1002,20,1,2,16,9,,,,
231,20,1,2,1,1,,,,
156,11,1,0,609,2219,-0.666154003,0.590250539,1.355816695,121.8243101
1012,30,0,0,3,97,-0.555555556,-30,0,
82,10,0,0,1677,13687,-0.826009177,-8.789905567,3.27313133,249.9318368
277,31,1,0,182,554,-1.006516593,-8.3963549,1.315655101,37.45169304
44,10,0,0,2,356,0.5,33.33333333,0.25,8.333333333
987,20,0,1,79,45,,,,
955,20,0,1,11,10,,,,
256,20,0,1,1,1,,,,
94,30,0,0,140,1221,-0.146864033,2.104705243,1.294804384,34.73945002
252,30,0,1,31,23,,,,
967,30,1,2,3,3,,,,
164,10,0,0,24,173,-0.25567296,0.146651969,0.200502489,
991,30,0,0,14,279,-0.189814815,-0.869809203,0.001984127,-100
231,20,0,0,4,225,-0.438888889,-25.5952381,0.1,
935,10,1,0,2,111,-0.863636364,-31.66666667,2.181818182,
957,10,1,0,,14,,,,
141,10,0,1,4,3,,,,
52,11,1,0,60,736,-0.791153549,-25.54933746,2.251378208,195.3787879
158,10,1,2,53,31,,,,
287,10,0,0,49,687,-0.274856214,-9.603615183,0.312341362,-14.50757576
656,10,0,0,84,1010,-0.067216117,1.80657591,1.766131091,218.5915046
935,10,0,1,26,15,,,,
59,10,0,1,4,4,,,,
916,30,0,1,51,21,,,,
928,10,0,1,18,14,,,,
58,10,0,1,29,25,,,,
948,10,0,0,35,328,0.075998076,6.618698762,-0.121452621,-71.71717172
54,10,1,0,9,363,-1.511904762,-32.56105951,0.404761905,46.2962963
276,30,1,2,7,5,,,,
992,30,1,2,2,2,,,,
1014,30,0,1,6,3,,,,
86,10,0,0,693,5087,-1.491502178,-18.12677561,4.122826312,171.5604944
979,20,1,0,1,75,-0.333333333,-25,0,
253,31,0,0,,240,,,,
58,10,1,0,2,92,-0.6,-33.33333333,0,
972,30,0,1,9,8,,,,
272,30,0,0,73,314,-0.211920996,-0.477681384,-0.014242424,-100
967,30,0,0,5,167,0.321428571,44.97354497,-0.44047619,-87.5
1020,30,1,0,1,77,0,0,0,
112,10,0,1,43,39,,,,
64,10,1,0,304,2327,-0.302775709,1.547776611,1.543747238,94.28977251
1007,30,0,0,18,345,-0.165972222,6.782675533,0.041666667,-50
251,30,0,1,26,20,,,,
909,10,0,1,46,37,,,,
958,10,0,1,54,39,,,,
275,30,1,2,6,5,,,,
180,20,0,1,2,2,,,,
205,10,0,1,392,198,,,,
1000,0,0,0,61,455,0.578533636,74.72189186,1.092429396,13.74458874
927,10,0,0,,182,,,,
120,20,0,1,25,20,,,,
54,10,1,2,6,4,,,,
921,10,1,2,18,11,,,,
236,30,1,0,,7,,,,
125,10,1,2,4,2,,,,
126,20,1,0,5,184,0.138888889,31.48148148,0.277777778,
653,0,1,2,14,9,,,,
49,0,1,2,3,3,,,,
95,10,0,0,308,2036,-0.947393976,-9.610855815,1.540945547,89.26373546
976,30,1,0,,5,,,,
130,10,0,1,23,19,,,,
300,10,1,2,10,8,,,,
418,0,1,0,23,138,5,25,2.5,
950,10,1,0,1,113,-1.75,-63.63636364,0,
986,21,1,2,24,20,,,,
1033,10,1,0,,21,,,,
220,20,1,0,,23,,,,
87,10,0,1,4,4,,,,
175,10,0,0,7,89,-0.772222222,-33.1410344,0.733333333,
995,30,1,0,10,55,-0.048571429,4.935064935,1.275238095,195
106,10,0,1,17,15,,,,
78,10,0,1,122,88,,,,
209,10,1,0,2,51,-0.5,-25,0,
973,30,0,1,14,11,,,,
206,10,0,1,43,26,,,,
197,20,1,2,17,13,,,,
217,20,0,0,,11,,,,
931,10,1,0,2,216,-0.5,-25,-0.75,-75
50,10,1,0,1,55,-1,-50,2,
638,0,1,0,,60,,,,
945,20,1,2,2,2,,,,
909,10,0,0,157,1751,-0.604845688,-0.208948833,0.737516472,106.474729
61,11,1,0,51,1066,-1.268049451,-20.7362857,3.569831627,289.2613636
942,10,0,0,1,75,0,0,0,
1003,21,0,0,,210,,,,
52,11,0,0,,1088,,,,
1024,10,1,0,6,385,0.9,28.125,3.5,600
44,10,1,0,,141,,,,
43,10,1,0,3,278,-0.111111111,-8.333333333,1.111111111,
256,20,0,0,1,75,0,0,0,
954,20,0,1,43,37,,,,
1006,20,1,2,7,7,,,,
936,10,1,2,4,3,,,,
983,20,1,2,1,1,,,,
127,10,0,0,35,727,-0.76924935,-14.79812013,0.306487233,56.25
57,10,0,0,40,572,-0.031481481,3.282758908,0.378571429,12.57142857
200,10,1,0,19,317,-0.025892857,-5.239782148,1.73452381,112.4025974
203,10,0,0,58,895,-0.833383283,-20.88574779,1.411429936,69.65608466
980,21,0,0,,203,,,,
155,10,1,2,46,29,,,,
272,30,0,1,8,8,,,,
923,10,0,1,9,9,,,,
139,10,1,0,106,1169,0.009632035,23.43329607,0.273926768,-5.750564997
145,10,1,0,98,1380,-0.479953469,-10.49084268,2.404152702,198.5818646
118,21,0,0,,373,,,,
312,20,0,1,103,62,,,,
931,10,1,2,5,3,,,,
78,10,1,2,13,12,,,,
257,20,0,1,26,17,,,,
971,30,0,1,5,4,,,,
297,10,1,2,5,3,,,,
220,20,0,1,11,10,,,,
94,30,1,2,2,2,,,,
1026,20,0,1,2,2,,,,
141,10,0,0,,50,,,,
184,30,0,0,8,169,-0.9875,-11.46978022,9.88125,3940
62,11,0,0,,3396,,,,
953,20,0,0,30,319,0.377473717,25.07645222,0.107374768,0
945,20,0,0,110,1081,-0.053692881,7.100299091,0.393698292,16.00649351
422,0,0,0,109,951,-0.767823424,-10.08860862,2.087640085,113.4397894
64,10,1,2,52,27,,,,
911,11,1,0,,6,,,,
169,10,0,1,1,1,,,,
1021,30,1,2,2,1,,,,
1032,10,1,0,,1,,,,
151,10,1,0,12,832,-0.124514991,-2.588383838,0.35026455,-85.71428571
112,10,0,0,132,895,-0.279072844,6.246636922,1.013345106,50.01106532
186,20,0,1,28,20,,,,
95,10,1,0,,169,,,,
262,21,0,0,,152,,,,
241,30,1,0,,26,,,,
994,30,1,2,1,1,,,,
961,20,1,2,1,1,,,,
86,10,1,0,32,718,-0.000604777,15.18342494,3.947870879,636.7739403
169,10,0,0,1,77,0,0,0,
292,20,0,1,206,89,,,,
174,10,1,0,15,370,-0.7,5.050505051,0.27037037,-33.33333333
1016,31,1,0,21,197,-0.519327731,-17.96399103,0.662535014,43.1547619
422,0,0,1,37,29,,,,
42,10,1,0,287,2416,-0.515436833,-5.57176559,2.442733415,142.9998064
75,10,0,1,342,181,,,,
66,10,0,0,28,1605,-0.234632035,-4.485930736,0.271861472,-48.57142857
252,30,0,0,209,1105,-0.395435373,-4.290584509,0.299705742,44.39331502
205,10,1,0,128,1148,-0.532069815,-6.916503752,1.327437394,98.63041216
212,20,1,0,,43,,,,
91,10,0,1,132,62,,,,
1017,30,1,2,4,4,,,,
54,10,0,1,74,50,,,,
302,10,1,2,12,8,,,,
1022,30,0,1,6,3,,,,
47,10,1,2,4,3,,,,
994,30,1,0,,92,,,,
108,10,1,0,21,321,-0.603030303,13.23426573,1.343181818,485.5477855
117,20,0,0,16,337,-0.156746032,1.879084967,0.819444444,-100
140,11,1,0,16,150,-0.63003663,-7.168250351,2.982478632,149.4444444
211,10,1,0,,36,,,,
233,20,0,1,48,18,,,,
1003,21,1,0,13,138,-0.132142857,-11.26245847,1.057142857,152.3809524
93,30,0,1,16,14,,,,
951,20,1,2,1,1,,,,
63,10,1,0,6,244,-0.458333333,-13.58024691,0.708333333,0
653,0,1,0,28,810,-0.791534392,-13.9525012,0.654497354,-84.84848485
1019,31,0,0,,330,,,,
914,20,0,0,11,143,2.083333333,102.3809524,-2.944444444,-75.64102564
193,30,1,0,,6,,,,
96,10,1,2,2,2,,,,
106,10,0,0,62,493,-0.17001702,-0.602687959,0.647468427,15.21367521
944,11,0,0,,79,,,,
427,0,0,1,91,61,,,,
907,10,1,0,2,57,-0.5,-20,-0.5,-50
206,10,0,0,,509,,,,
1025,10,1,0,,34,,,,
974,30,0,1,10,7,,,,
968,30,0,0,8,204,-1.3125,-32.45192308,0.333333333,0
201,10,0,0,5,668,-0.146666667,-10.71428571,1.384444444,
292,20,1,0,37,368,-0.924319728,3.468801314,3.527210884,411.7857143
298,10,0,0,53,650,-0.428973559,-12.85281985,1.017250233,240
421,0,1,2,58,8,,,,
941,10,1,0,1,61,0,0,2,
949,0,1,0,,16,,,,
1008,30,1,0,,17,,,,
1027,20,1,0,,4,,,,
53,10,1,2,14,10,,,,
